{"classic_q": {"player1": [0.9825970379593839, 0.9824889738180801, 0.9827232242558981, 0.9829541657735555, 0.9831818466834364, 0.9830767728239476, 0.9829711599128013, 0.983198600949335, 0.9834228324856552, 0.9836439013787316, 0.9838618537987388, 0.9840767352386008, 0.9839762847897038, 0.9838753124280625, 0.9837738162002844, 0.9839899379133304, 0.9838890364452653, 0.9841035349883873, 0.9843150129650844, 0.9845235144598596, 0.9847290829091125, 0.9849317611102432, 0.9851315912306513, 0.9853286148166289, 0.9855228728021477, 0.9857144055175413, 0.9859032526980837, 0.9860894534924625, 0.9859996259590857, 0.9861844768215896, 0.9863667395403135, 0.986278401375718, 0.9864593496071126, 0.9866377665536182, 0.9868136890841109, 0.986987153521943, 0.9871581956528017, 0.9873268507324697, 0.9872437213738922, 0.9874111834050013, 0.9875763104747569, 0.9874945480968405, 0.9876585133266595, 0.9878201944518944, 0.9879796246801428, 0.9881368367264861, 0.9882918628206651, 0.9884447347141612, 0.9885954836871846, 0.9887441405555697], "player2": [0.7746481172600376, 0.7731213694131552, 0.7742380610950088, 0.7753497426931402, 0.7764564248858767, 0.7749235837723307, 0.7733987392717973, 0.7745111259139085, 0.7756185295466985, 0.7767209608365272, 0.77781843060302, 0.778910949816337, 0.7773710356218014, 0.7758389959881585, 0.7743149067241314, 0.7754185765815627, 0.7738977961665429, 0.7750018099075451, 0.7761008942838442, 0.77719505992774, 0.7782843176200012, 0.7793686782872086, 0.7804481529991151, 0.7815227529660237, 0.7825924895361837, 0.7836573741932051, 0.7847174185534919, 0.7857726343636925, 0.7842118634502183, 0.7852678240412688, 0.7863189749451002, 0.7847577175938542, 0.7858096333669701, 0.7868567582624406, 0.7878991042170511, 0.7889366832886118, 0.7899695076535178, 0.7909975896043293, 0.7894209094694215, 0.7904499362402455, 0.7914742393089068, 0.789897468226757, 0.7909227330774117, 0.7919432928706847, 0.7929591600413278, 0.7939703471317789, 0.7949768667898505, 0.7959787317664365, 0.7969759549132394, 0.7979685491805154]}, "dqn": {"player1": [0.32573631405830383, 0.32573631405830383, 0.32573631405830383, 0.32573631405830383, 0.32573631405830383, 0.32573631405830383, 0.32573631405830383, 0.32573631405830383, 0.32573631405830383, 0.32573631405830383, 0.32573631405830383, 0.32573631405830383, 0.32573631405830383, 0.32573631405830383, 0.32573631405830383, 0.32573631405830383, 0.32573631405830383, 0.32573631405830383, 0.32573631405830383, 0.32573631405830383, 0.32573631405830383, 0.32573631405830383, 0.32573631405830383, 0.32573631405830383, 0.32573631405830383, 0.32573631405830383, 0.32573631405830383, 0.32573631405830383, 0.32573631405830383, 0.32573631405830383, 0.32573631405830383, 0.32573631405830383, 0.32573631405830383, 0.32573631405830383, 0.32573631405830383, 0.32573631405830383, 0.32573631405830383, 0.32573631405830383, 0.32573631405830383, 0.32573631405830383, 0.32573631405830383, 0.32573631405830383, 0.32573631405830383, 0.32573631405830383, 0.32573631405830383, 0.32573631405830383, 0.32573631405830383, 0.32573631405830383, 0.32573631405830383, 0.32573631405830383], "player2": [0.3051605224609375, 0.3051605224609375, 0.3051605224609375, 0.3051605224609375, 0.3051605224609375, 0.3051605224609375, 0.3051605224609375, 0.3051605224609375, 0.3051605224609375, 0.3051605224609375, 0.3051605224609375, 0.3051605224609375, 0.3051605224609375, 0.3051605224609375, 0.3051605224609375, 0.3051605224609375, 0.3051605224609375, 0.3051605224609375, 0.3051605224609375, 0.3051605224609375, 0.3051605224609375, 0.3051605224609375, 0.3051605224609375, 0.3051605224609375, 0.3051605224609375, 0.3051605224609375, 0.3051605224609375, 0.3051605224609375, 0.3051605224609375, 0.3051605224609375, 0.3051605224609375, 0.3051605224609375, 0.3051605224609375, 0.3051605224609375, 0.3051605224609375, 0.3051605224609375, 0.3051605224609375, 0.3051605224609375, 0.3051605224609375, 0.3051605224609375, 0.3051605224609375, 0.3051605224609375, 0.3051605224609375, 0.3051605224609375, 0.3051605224609375, 0.3051605224609375, 0.3051605224609375, 0.3051605224609375, 0.3051605224609375, 0.3051605224609375]}, "a2c": {"player1": [0.4035869836807251, 0.4035869836807251, 0.4035869836807251, 0.4035869836807251, 0.4035869836807251, 0.4035869836807251, 0.4035869836807251, 0.4035869836807251, 0.4035869836807251, 0.4035869836807251, 0.4035869836807251, 0.4035869836807251, 0.4035869836807251, 0.4035869836807251, 0.4035869836807251, 0.4035869836807251, 0.4035869836807251, 0.4035869836807251, 0.4035869836807251, 0.4035869836807251, 0.4035869836807251, 0.4035869836807251, 0.4035869836807251, 0.4035869836807251, 0.4035869836807251, 0.4035869836807251, 0.4035869836807251, 0.4035869836807251, 0.4035869836807251, 0.4035869836807251, 0.4035869836807251, 0.4035869836807251, 0.4035869836807251, 0.4035869836807251, 0.4035869836807251, 0.4035869836807251, 0.4035869836807251, 0.4035869836807251, 0.4035869836807251, 0.4035869836807251, 0.4035869836807251, 0.4035869836807251, 0.4035869836807251, 0.4035869836807251, 0.4035869836807251, 0.4035869836807251, 0.4035869836807251, 0.4035869836807251, 0.4035869836807251, 0.4035869836807251], "player2": [0.38215067982673645, 0.38215067982673645, 0.38215067982673645, 0.38215067982673645, 0.38215067982673645, 0.38215067982673645, 0.38215067982673645, 0.38215067982673645, 0.38215067982673645, 0.38215067982673645, 0.38215067982673645, 0.38215067982673645, 0.38215067982673645, 0.38215067982673645, 0.38215067982673645, 0.38215067982673645, 0.38215067982673645, 0.38215067982673645, 0.38215067982673645, 0.38215067982673645, 0.38215067982673645, 0.38215067982673645, 0.38215067982673645, 0.38215067982673645, 0.38215067982673645, 0.38215067982673645, 0.38215067982673645, 0.38215067982673645, 0.38215067982673645, 0.38215067982673645, 0.38215067982673645, 0.38215067982673645, 0.38215067982673645, 0.38215067982673645, 0.38215067982673645, 0.38215067982673645, 0.38215067982673645, 0.38215067982673645, 0.38215067982673645, 0.38215067982673645, 0.38215067982673645, 0.38215067982673645, 0.38215067982673645, 0.38215067982673645, 0.38215067982673645, 0.38215067982673645, 0.38215067982673645, 0.38215067982673645, 0.38215067982673645, 0.38215067982673645]}}